{
  "swagger": "2.0",
  "info": {
    "description": "prueba 01",
    "version": "v1",
    "title": "Prueba"
  },
  "basePath": "/prueba/v1",
  "schemes": ["http", "https"],
  "paths": {
    "/process": {
      "post": {
        "description": "consulta si el cliente se encuentra activo o inactivo.",
        "operationId": "processPOST",
        "produces": ["application/json"],
        "parameters": [
          {
            "in": "body",
            "name": "accountDTO",
            "description": "parametros para crear cuenta.",
            "required": true,
            "schema": {
              "$ref": "#/definitions/accountDTO"
            }
          }
        ],
        "responses": {
          "200": {
            "description": "Success",
            "schema": {
              "type": "array",
              "items": {
                "$ref": "#/definitions/accountResponseDTO"
              }
            }
          },
          "403": {
            "description": "Error",
			"schema": {
              "$ref": "#/definitions/error403"
            }
          },
		 
          "404": {
            "description": "Not Found"
          }
        },
        "deprecated": false
      }
    }
  },
   "definitions": {
    "CustomerDTO": {
      "type": "object",
      "properties": {
        "firstName": {
          "type": "string",
          "description": "Nombre del cliente",
          "example": "Carley"
        },
        "lastName": {
          "type": "string",
          "description": "Apellido del cliente",
          "example": "Schmitt"
        },
        "createdAt": {
          "type": "string",
          "format": "date-time",
          "description": "Fecha de creación del cliente ",
          "example": "2022-12-20T17:07:14.207Z"
        },
        "avatar": {
          "type": "string",
          "description": "URL de la imagen de avatar del cliente ",
          "example": "https://cloudflare-ipfs.com/ipfs/avatar/646.jpg"
        },
        "status": {
          "description": "Status del cliente ",
          "$ref": "#/definitions/statusDTO"
        },
        "id": {
          "type": "string",
          "description": "Identificador único del cliente",
          "example": "1"
        }
      },
      "title": "CustomerDTO"
    },
	"statusDTO": {
      "type": "object",
      "properties": {
        "id": {
          "type": "number",
          "format": "int64",
          "description": "Identificador único del status",
          "example": 1
        },
        "name": {
          "type": "string",
          "description": "Nombre del  status",
          "example": " Active , Disable"
        }
      },
      "title": "statusDTO"
    },
	"accountDTO": {
      "type": "object",
      "properties": {
        "customer": {
		      "description": " Cliente al cual se le asociará la cuenta de ahorro viaje creada",
          "$ref": "#/definitions/CustomerRequestDTO"
        },
        "debitAccount": {
          "description": "Cuenta de la cual se harán los débitos automáticos del ahorro",
		  "$ref": "#/definitions/accountRequestDTO"
        },
        "savingsAmount": {
          "type": "number",
          "format": "float",
          "description": " Monto del ahorro semanal que será debitado de manera automática en el core",
          "example": 87.13
                  }
		    
      },
      "title": "accountDTO"
    },
	
	  "CustomerRequestDTO": {
      "type": "object",
      "properties": {        
        "id": {
          "type": "string",
          "description": "Identificador único del cliente",
          "example": "1"
        }
      },
      "title": "CustomerRequestDTO"
	  
    },
	  "accountRequestDTO": {
      "type": "object",
      "properties": {        
        "accountNumber": {
          "type": "string",
          "description": " Numero de cuenta de la cual se harán los débitos automáticos del ahorro",
          "example": "88944436"
        }
      },
      "title": "accountRequestDTO"
	  
    },
	"accountResponseDTO": {
      "type": "object",
      "properties": {        
        "accountNumber": {
          "type": "string",
          "description": " Numero de cuenta de la cual se harán los débitos automáticos del ahorro",
          "example": "88944436"
      },
	  "debitAccount": {
          "description": "Cuenta de la cual se harán los débitos automáticos del ahorro",
		  "$ref": "#/definitions/accountRequestDTO"
      },
      "savingsAmount": {
		  "type": "number",
      "format": "float",
		  "description": " Monto del ahorro semanal para la cuenta ahorro viaje",
      "example": 38.13
	  },
	   "createdAt": {
		  "type": "string",
      "format": "date-time",
		  "description": "Fecha de creación de la cuenta",
      "example": "2022-12-20T17:07:14.207Z"
	  },	  
	   "customer": {
		  "description": " Cliente al cual se le asociará la cuenta de ahorro viaje creada ",
          "$ref": "#/definitions/CustomerDTO"
      }
	  },
      "title": "accountRequestDTO"
    },
	 "error403": {
      "description": "Error",
      "example": {
        "code": "403",
        "message": "Error",
        "moreInformation": {
          "description": "el usuario no se encuentra activo para crear cuentas",
          "link": "www.consultec-ti.com"
        }
      }
    }
  }
}
